dataset,variant,architecture,hidden_layer_count,hidden_layers,pruning_method,parameters_or_nonzero,active_arcs,total_arcs,keep_ratio,validation_mse,validation_mae,official_test_mse,official_test_mae,fit_time_sec
FD001,before_pruning_dense_ann,"relu:[98, 90]",2,98-90,none,38499,38310,38310,1.0,1466.675537109375,30.628196716308594,393.5567626953125,14.512110710144043,7.345848400029354
FD001,after_pruning_ann,"relu:[98, 90]",2,98-90,magnitude_multilayer,19344,19155,38310,0.5,270.99249267578125,12.19776439666748,363.8610534667969,13.918473243713379,8.28814830002375
FD002,before_pruning_dense_ann,"relu:[99, 100]",2,99-100,none,48810,48610,48610,1.0,1519.7960205078125,33.505191802978516,1658.454345703125,31.919639587402344,21.437600799952634
FD002,after_pruning_ann,"relu:[99, 100]",2,99-100,magnitude_multilayer,24505,24305,48610,0.5,767.4082641601562,22.65056610107422,1453.463623046875,28.91436004638672,21.184442700003274
FD003,before_pruning_dense_ann,"relu:[94, 99]",2,94-99,none,37799,37605,37605,1.0,636.5941772460938,20.557025909423828,270.29620361328125,12.712637901306152,9.886196200037375
FD003,after_pruning_ann,"relu:[94, 99]",2,94-99,magnitude_multilayer,18996,18802,37605,0.49998670389575856,249.01962280273438,12.177488327026367,309.9777526855469,13.924731254577637,11.334037100081332
FD004,before_pruning_dense_ann,"relu:[95, 100]",2,95-100,none,46846,46650,46650,1.0,1147.435791015625,28.519025802612305,1656.772705078125,32.305057525634766,25.703887999989092
FD004,after_pruning_ann,"relu:[95, 100]",2,95-100,magnitude_multilayer,23521,23325,46650,0.5,794.5148315429688,23.160388946533203,1609.881591796875,32.35821533203125,32.35294290003367
