dataset,variant,architecture,hidden_layer_count,hidden_layers,pruning_method,parameters_or_nonzero,active_arcs,total_arcs,keep_ratio,validation_mse,validation_mae,official_test_mse,official_test_mae,fit_time_sec
FD001,before_pruning_dense_ann,"relu:[98, 87]",2,98-87,none,38199,38013,38013,1.0,464.4343566894531,17.149757385253906,300.7987060546875,13.411979675292969,28.124876799993217
FD001,after_pruning_ann,"relu:[98, 87]",2,98-87,magnitude_solver_fallback_after_reduced_exact,3987,3801,38013,0.09999210796306526,256.7617492675781,12.142019271850586,318.83551025390625,13.179682731628418,62.8499443999026
FD002,before_pruning_dense_ann,"relu:[100, 23]",2,100-23,none,41447,41323,41323,1.0,963.84130859375,26.04096031188965,1302.3458251953125,26.938827514648438,50.811186200007796
FD002,after_pruning_ann,"relu:[100, 23]",2,100-23,magnitude_solver_fallback_after_reduced_exact,4256,4132,41323,0.099992740120514,787.7970581054688,22.885541915893555,1398.6571044921875,27.88811683654785,86.01580910000484
FD003,before_pruning_dense_ann,"relu:[100, 25]",2,100-25,none,32651,32525,32525,1.0,287.68280029296875,12.790985107421875,249.69589233398438,12.043966293334961,22.876329399994574
FD003,after_pruning_ann,"relu:[100, 25]",2,100-25,magnitude_solver_fallback_after_reduced_exact,3378,3252,32525,0.09998462720983858,211.77684020996094,10.964573860168457,296.1960144042969,13.534017562866211,58.03832039993722
FD004,before_pruning_dense_ann,"relu:[100, 17]",2,100-17,none,40835,40717,40717,1.0,654.86474609375,20.62137222290039,1413.67333984375,30.227073669433594,58.23740360001102
FD004,after_pruning_ann,"relu:[100, 17]",2,100-17,magnitude_solver_fallback_after_reduced_exact,4190,4072,40717,0.1000073679298573,642.36083984375,20.68712615966797,1470.834716796875,31.45086669921875,106.84181160002481
