dataset,variant,architecture,hidden_layer_count,hidden_layers,pruning_method,parameters_or_nonzero,active_arcs,total_arcs,keep_ratio,validation_mse,validation_mae,official_test_mse,official_test_mae,fit_time_sec
FD001,before_pruning_dense_ann,relu:[49],1,49,none,14799,14749,14749,1.0,7163.34521484375,74.25349426269531,7434.6591796875,75.70590209960938,0.022535600000992417
FD001,after_pruning_ann,relu:[49],1,49,magnitude_fallback,7424,7374,14749,0.4999660993965693,7134.5693359375,74.15508270263672,7334.38818359375,75.0514907836914,1.4401046999264508
FD002,before_pruning_dense_ann,"relu:[98, 21, 89]",3,98-21-89,none,42445,42236,42236,1.0,7969.2236328125,78.04419708251953,9430.2451171875,80.8619155883789,0.058315100031904876
FD002,after_pruning_ann,"relu:[98, 21, 89]",3,98-21-89,magnitude_multilayer,21327,21118,42236,0.5,7946.3564453125,77.90046691894531,9434.0478515625,80.8794174194336,0.12005040002986789
FD003,before_pruning_dense_ann,"relu:[98, 21, 89]",3,98-21-89,none,33625,33416,33416,1.0,8935.865234375,84.40110778808594,7326.76416015625,74.92310333251953,0.03477869997732341
FD003,after_pruning_ann,"relu:[98, 21, 89]",3,98-21-89,magnitude_multilayer,16917,16708,33416,0.5,8911.6240234375,84.2723159790039,7320.31494140625,74.8564224243164,0.06569299998227507
FD004,before_pruning_dense_ann,"relu:[98, 21, 89]",3,98-21-89,none,42445,42236,42236,1.0,9373.5576171875,87.74874877929688,10393.0302734375,86.14787292480469,0.058137600077316165
FD004,after_pruning_ann,"relu:[98, 21, 89]",3,98-21-89,magnitude_multilayer,21327,21118,42236,0.5,9338.3759765625,87.54679870605469,10394.474609375,86.14798736572266,0.12412489985581487
